{
  "generated_at": "2026-03-10T16:36:03.163881+00:00",
  "driver": "drivers.daboss_endurance_driver",
  "driver_name": "daboss_endurance_driver",
  "track": "track",
  "lap_target": 25,
  "physics_fps": 500,
  "sample_stride_steps": 10,
  "status": "finished",
  "finished": true,
  "laps_completed": 25,
  "lap_times": [
    31.38,
    31.076,
    31.136,
    31.484,
    31.316,
    31.508,
    30.952,
    32.14,
    31.004,
    32.116,
    31.38,
    31.728,
    31.86,
    31.58,
    31.632,
    31.324,
    31.304,
    31.4,
    31.844,
    32.288,
    31.88,
    31.656,
    31.74,
    31.84,
    31.996
  ],
  "total_time": 789.564,
  "best_lap": 30.952,
  "median_lap": 31.58,
  "worst_lap": 32.288,
  "best_lap_index": 7,
  "absolute_completion": 2500.0,
  "best_absolute_completion": 2500.0,
  "distance_from_track": 0.136776,
  "final_speed": 1.795901,
  "final_command": {
    "speed": 2.451,
    "steering": 0.22
  },
  "steps": 197391,
  "sim_time": 789.564,
  "wall_time": 177.451,
  "stall_reason": null,
  "sample_count": 19741,
  "no_progress_sim_seconds": 60.0,
  "max_lap_seconds": 60.0,
  "run_folder_name": "showcase-20260310T163305Z"
}